Copybook;Categoria;Qtd Fontes;Fontes que referenciam
PDGL;1-GLOBAL (base);42;FGAA004, FGAA005, FGAA007, FGAA012D, FGAA015, FGAA032D, FGAA050D, FGAA115D, FGAT006D, FGAT030D, FGEV006D, OGAA013D, OGAA018D, OGAA255D, OGAA615D, OGAA640D, OGAA792D, OGAA920D, OGEV005D, OGEV020D, OGEV021D, OGEV050D, OGEV430D, OGEV431D, OGEV432D, OGEV433D, OGEV434D, OGEV435D, OGEV436D, OGEV441D, OGEV442D, OGEV443D, OGEV444D, OGEV445D, OGEV446D, OGEV535D, OGEV630D, OGEV635D, OGEV680D, OGEV690D, OGEV720D, PGAA100D
WSGL;1-GLOBAL (base);42;FGAA004, FGAA005, FGAA007, FGAA012D, FGAA015, FGAA032D, FGAA050D, FGAA115D, FGAT006D, FGAT030D, FGEV006D, OGAA013D, OGAA018D, OGAA255D, OGAA615D, OGAA640D, OGAA792D, OGAA920D, OGEV005D, OGEV020D, OGEV021D, OGEV050D, OGEV430D, OGEV431D, OGEV432D, OGEV433D, OGEV434D, OGEV435D, OGEV436D, OGEV441D, OGEV442D, OGEV443D, OGEV444D, OGEV445D, OGEV446D, OGEV535D, OGEV630D, OGEV635D, OGEV680D, OGEV690D, OGEV720D, PGAA100D
PDGLDB;1-GLOBAL (base);38;FGAA012D, FGAA032D, FGAA050D, FGAA115D, FGAT006D, FGAT030D, FGEV006D, OGAA013D, OGAA018D, OGAA255D, OGAA615D, OGAA640D, OGAA792D, OGAA920D, OGEV005D, OGEV020D, OGEV021D, OGEV050D, OGEV430D, OGEV431D, OGEV432D, OGEV433D, OGEV434D, OGEV435D, OGEV436D, OGEV441D, OGEV442D, OGEV443D, OGEV444D, OGEV445D, OGEV446D, OGEV535D, OGEV630D, OGEV635D, OGEV680D, OGEV690D, OGEV720D, PGAA100D
WSGLDB;1-GLOBAL (base);38;FGAA012D, FGAA032D, FGAA050D, FGAA115D, FGAT006D, FGAT030D, FGEV006D, OGAA013D, OGAA018D, OGAA255D, OGAA615D, OGAA640D, OGAA792D, OGAA920D, OGEV005D, OGEV020D, OGEV021D, OGEV050D, OGEV430D, OGEV431D, OGEV432D, OGEV433D, OGEV434D, OGEV435D, OGEV436D, OGEV441D, OGEV442D, OGEV443D, OGEV444D, OGEV445D, OGEV446D, OGEV535D, OGEV630D, OGEV635D, OGEV680D, OGEV690D, OGEV720D, PGAA100D
COMSIN;8-RUNTIME ONLINE;30;OGAA013D, OGAA018D, OGAA255D, OGAA615D, OGAA640D, OGAA792D, OGAA920D, OGEV005D, OGEV020D, OGEV021D, OGEV050D, OGEV430D, OGEV431D, OGEV432D, OGEV433D, OGEV434D, OGEV435D, OGEV436D, OGEV441D, OGEV442D, OGEV443D, OGEV444D, OGEV445D, OGEV446D, OGEV535D, OGEV630D, OGEV635D, OGEV680D, OGEV690D, OGEV720D
COMSOUT;8-RUNTIME ONLINE;30;OGAA013D, OGAA018D, OGAA255D, OGAA615D, OGAA640D, OGAA792D, OGAA920D, OGEV005D, OGEV020D, OGEV021D, OGEV050D, OGEV430D, OGEV431D, OGEV432D, OGEV433D, OGEV434D, OGEV435D, OGEV436D, OGEV441D, OGEV442D, OGEV443D, OGEV444D, OGEV445D, OGEV446D, OGEV535D, OGEV630D, OGEV635D, OGEV680D, OGEV690D, OGEV720D
CONTPERF;8-RUNTIME ONLINE;30;OGAA013D, OGAA018D, OGAA255D, OGAA615D, OGAA640D, OGAA792D, OGAA920D, OGEV005D, OGEV020D, OGEV021D, OGEV050D, OGEV430D, OGEV431D, OGEV432D, OGEV433D, OGEV434D, OGEV435D, OGEV436D, OGEV441D, OGEV442D, OGEV443D, OGEV444D, OGEV445D, OGEV446D, OGEV535D, OGEV630D, OGEV635D, OGEV680D, OGEV690D, OGEV720D
CONTSPC;8-RUNTIME ONLINE;30;OGAA013D, OGAA018D, OGAA255D, OGAA615D, OGAA640D, OGAA792D, OGAA920D, OGEV005D, OGEV020D, OGEV021D, OGEV050D, OGEV430D, OGEV431D, OGEV432D, OGEV433D, OGEV434D, OGEV435D, OGEV436D, OGEV441D, OGEV442D, OGEV443D, OGEV444D, OGEV445D, OGEV446D, OGEV535D, OGEV630D, OGEV635D, OGEV680D, OGEV690D, OGEV720D
PDD01118;2-DADOS/BANCO (WSD/PDD);24;OGAA013D, OGAA018D, OGAA255D, OGAA615D, OGAA640D, OGAA792D, OGAA920D, OGEV050D, OGEV430D, OGEV431D, OGEV432D, OGEV433D, OGEV434D, OGEV435D, OGEV436D, OGEV442D, OGEV443D, OGEV444D, OGEV445D, OGEV630D, OGEV635D, OGEV680D, OGEV690D, PGAA100D
WSD01118;2-DADOS/BANCO (WSD/PDD);24;OGAA013D, OGAA018D, OGAA255D, OGAA615D, OGAA640D, OGAA792D, OGAA920D, OGEV050D, OGEV430D, OGEV431D, OGEV432D, OGEV433D, OGEV434D, OGEV435D, OGEV436D, OGEV442D, OGEV443D, OGEV444D, OGEV445D, OGEV630D, OGEV635D, OGEV680D, OGEV690D, PGAA100D
CONTWORK;8-RUNTIME ONLINE;23;OGAA920D, OGEV020D, OGEV021D, OGEV050D, OGEV430D, OGEV431D, OGEV432D, OGEV433D, OGEV434D, OGEV435D, OGEV436D, OGEV441D, OGEV442D, OGEV443D, OGEV444D, OGEV445D, OGEV446D, OGEV535D, OGEV630D, OGEV635D, OGEV680D, OGEV690D, OGEV720D
PDD01073;2-DADOS/BANCO (WSD/PDD);20;OGAA013D, OGAA018D, OGAA615D, OGAA792D, OGEV050D, OGEV430D, OGEV431D, OGEV432D, OGEV434D, OGEV435D, OGEV436D, OGEV441D, OGEV442D, OGEV444D, OGEV445D, OGEV446D, OGEV630D, OGEV635D, OGEV680D, OGEV690D
WSD01073;2-DADOS/BANCO (WSD/PDD);20;OGAA013D, OGAA018D, OGAA615D, OGAA792D, OGEV050D, OGEV430D, OGEV431D, OGEV432D, OGEV434D, OGEV435D, OGEV436D, OGEV441D, OGEV442D, OGEV444D, OGEV445D, OGEV446D, OGEV630D, OGEV635D, OGEV680D, OGEV690D
PDD12012;2-DADOS/BANCO (WSD/PDD);16;OGAA013D, OGAA018D, OGAA255D, OGAA615D, OGAA640D, OGAA792D, OGEV005D, OGEV050D, OGEV430D, OGEV431D, OGEV441D, OGEV630D, OGEV635D, OGEV680D, OGEV690D, OGEV720D
PDD21002;2-DADOS/BANCO (WSD/PDD);16;OGAA013D, OGAA018D, OGAA255D, OGAA640D, OGAA792D, OGAA920D, OGEV050D, OGEV434D, OGEV435D, OGEV444D, OGEV445D, OGEV446D, OGEV535D, OGEV630D, OGEV635D, PGAA100D
WSD12012;2-DADOS/BANCO (WSD/PDD);16;OGAA013D, OGAA018D, OGAA255D, OGAA615D, OGAA640D, OGAA792D, OGEV005D, OGEV050D, OGEV430D, OGEV431D, OGEV441D, OGEV630D, OGEV635D, OGEV680D, OGEV690D, OGEV720D
WSD21002;2-DADOS/BANCO (WSD/PDD);16;OGAA013D, OGAA018D, OGAA255D, OGAA640D, OGAA792D, OGAA920D, OGEV050D, OGEV434D, OGEV435D, OGEV444D, OGEV445D, OGEV446D, OGEV535D, OGEV630D, OGEV635D, PGAA100D
PDD01114;2-DADOS/BANCO (WSD/PDD);15;OGAA013D, OGAA018D, OGAA255D, OGAA615D, OGAA640D, OGAA792D, OGEV020D, OGEV021D, OGEV050D, OGEV445D, OGEV446D, OGEV630D, OGEV635D, OGEV690D, PGAA100D
PDD01115;2-DADOS/BANCO (WSD/PDD);15;OGAA013D, OGAA018D, OGAA255D, OGAA615D, OGAA640D, OGAA792D, OGEV020D, OGEV021D, OGEV050D, OGEV445D, OGEV446D, OGEV630D, OGEV635D, OGEV690D, PGAA100D
WSD01114;2-DADOS/BANCO (WSD/PDD);15;OGAA013D, OGAA018D, OGAA255D, OGAA615D, OGAA640D, OGAA792D, OGEV020D, OGEV021D, OGEV050D, OGEV445D, OGEV446D, OGEV630D, OGEV635D, OGEV690D, PGAA100D
WSD01115;2-DADOS/BANCO (WSD/PDD);15;OGAA013D, OGAA018D, OGAA255D, OGAA615D, OGAA640D, OGAA792D, OGEV020D, OGEV021D, OGEV050D, OGEV445D, OGEV446D, OGEV630D, OGEV635D, OGEV690D, PGAA100D
PDD21003;2-DADOS/BANCO (WSD/PDD);14;OGAA013D, OGAA018D, OGAA255D, OGAA640D, OGAA792D, OGAA920D, OGEV050D, OGEV434D, OGEV435D, OGEV444D, OGEV445D, OGEV630D, OGEV635D, PGAA100D
WSD21003;2-DADOS/BANCO (WSD/PDD);14;OGAA013D, OGAA018D, OGAA255D, OGAA640D, OGAA792D, OGAA920D, OGEV050D, OGEV434D, OGEV435D, OGEV444D, OGEV445D, OGEV630D, OGEV635D, PGAA100D
PDD01045;2-DADOS/BANCO (WSD/PDD);10;OGAA013D, OGAA018D, OGAA255D, OGAA640D, OGEV020D, OGEV021D, OGEV050D, OGEV630D, OGEV635D, OGEV680D
PDD12017;2-DADOS/BANCO (WSD/PDD);10;OGAA013D, OGAA018D, OGAA255D, OGAA615D, OGAA640D, OGAA792D, OGEV050D, OGEV630D, OGEV635D, OGEV720D
PDTAB002;5-TABELAS;10;FGAA050D, OGAA013D, OGAA018D, OGAA255D, OGAA640D, OGAA792D, OGEV050D, OGEV630D, OGEV635D, OGEV680D
WSD01045;2-DADOS/BANCO (WSD/PDD);10;OGAA013D, OGAA018D, OGAA255D, OGAA640D, OGEV020D, OGEV021D, OGEV050D, OGEV630D, OGEV635D, OGEV680D
WSD12017;2-DADOS/BANCO (WSD/PDD);10;OGAA013D, OGAA018D, OGAA255D, OGAA615D, OGAA640D, OGAA792D, OGEV050D, OGEV630D, OGEV635D, OGEV720D
WSTAB002;5-TABELAS;10;FGAA050D, OGAA013D, OGAA018D, OGAA255D, OGAA640D, OGAA792D, OGEV050D, OGEV630D, OGEV635D, OGEV680D
PDD01113;2-DADOS/BANCO (WSD/PDD);9;OGAA013D, OGAA018D, OGAA615D, OGEV432D, OGEV433D, OGEV436D, OGEV442D, OGEV443D, OGEV690D
PDTAB049;5-TABELAS;9;OGAA013D, OGAA018D, OGAA255D, OGAA615D, OGAA640D, OGAA792D, OGEV630D, OGEV635D, OGEV680D
PDTAB057;5-TABELAS;9;FGAA012D, FGAA032D, OGAA013D, OGAA255D, OGAA615D, OGAA792D, OGEV050D, OGEV630D, OGEV635D
WSD01113;2-DADOS/BANCO (WSD/PDD);9;OGAA013D, OGAA018D, OGAA615D, OGEV432D, OGEV433D, OGEV436D, OGEV442D, OGEV443D, OGEV690D
WSTAB049;5-TABELAS;9;OGAA013D, OGAA018D, OGAA255D, OGAA615D, OGAA640D, OGAA792D, OGEV630D, OGEV635D, OGEV680D
WSTAB057;5-TABELAS;9;FGAA012D, FGAA032D, OGAA013D, OGAA255D, OGAA615D, OGAA792D, OGEV050D, OGEV630D, OGEV635D
CODIGOS;9-OUTROS;7;OGAA013D, OGAA018D, OGAA255D, OGAA615D, OGAA640D, OGAA792D, OGEV005D
COMS;8-RUNTIME ONLINE;7;OGAA013D, OGAA018D, OGAA255D, OGAA615D, OGAA640D, OGAA792D, OGEV005D
PDD01029;2-DADOS/BANCO (WSD/PDD);7;OGAA615D, OGEV005D, OGEV020D, OGEV431D, OGEV434D, OGEV444D, OGEV630D
PDD01034;2-DADOS/BANCO (WSD/PDD);7;OGEV431D, OGEV433D, OGEV434D, OGEV436D, OGEV441D, OGEV443D, OGEV444D
PDD01100;2-DADOS/BANCO (WSD/PDD);7;OGAA013D, OGAA018D, OGAA640D, OGEV430D, OGEV432D, OGEV442D, OGEV680D
WSD01029;2-DADOS/BANCO (WSD/PDD);7;OGAA615D, OGEV005D, OGEV020D, OGEV431D, OGEV434D, OGEV444D, OGEV630D
WSD01034;2-DADOS/BANCO (WSD/PDD);7;OGEV431D, OGEV433D, OGEV434D, OGEV436D, OGEV441D, OGEV443D, OGEV444D
WSD01100;2-DADOS/BANCO (WSD/PDD);7;OGAA013D, OGAA018D, OGAA640D, OGEV430D, OGEV432D, OGEV442D, OGEV680D
PDBLQ009;3-BLOQUEIO;6;FGAT006D, FGAT030D, OGAA018D, OGAA255D, OGAA640D, OGEV005D
PDD01071;2-DADOS/BANCO (WSD/PDD);6;OGAA013D, OGAA018D, OGAA255D, OGAA640D, OGEV020D, OGEV021D
PDD01083;2-DADOS/BANCO (WSD/PDD);6;OGAA013D, OGAA018D, OGAA255D, OGAA615D, OGAA640D, OGEV020D
PDD12006;2-DADOS/BANCO (WSD/PDD);6;OGEV020D, OGEV021D, OGEV050D, OGEV535D, OGEV630D, OGEV635D
WSBLQ009;3-BLOQUEIO;6;FGAT006D, FGAT030D, OGAA018D, OGAA255D, OGAA640D, OGEV005D
WSD01071;2-DADOS/BANCO (WSD/PDD);6;OGAA013D, OGAA018D, OGAA255D, OGAA640D, OGEV020D, OGEV021D
WSD01083;2-DADOS/BANCO (WSD/PDD);6;OGAA013D, OGAA018D, OGAA255D, OGAA615D, OGAA640D, OGEV020D
WSD12006;2-DADOS/BANCO (WSD/PDD);6;OGEV020D, OGEV021D, OGEV050D, OGEV535D, OGEV630D, OGEV635D
PDD01061;2-DADOS/BANCO (WSD/PDD);5;OGAA018D, OGAA255D, OGAA615D, OGAA640D, OGAA792D
PDD12014;2-DADOS/BANCO (WSD/PDD);5;OGAA013D, OGAA255D, OGAA615D, OGAA640D, OGAA792D
PDD21004;2-DADOS/BANCO (WSD/PDD);5;OGAA255D, OGAA640D, OGAA792D, OGAA920D, PGAA100D
SEECDT00;9-LIB DMS;5;FGAA012D, FGAA015, OGAA013D, OGAA018D, OGAA640D
WSALG001;7-ALGORITMO;5;OGAA018D, OGAA640D, OGEV630D, OGEV635D, OGEV720D
WSD01061;2-DADOS/BANCO (WSD/PDD);5;OGAA018D, OGAA255D, OGAA615D, OGAA640D, OGAA792D
WSD12014;2-DADOS/BANCO (WSD/PDD);5;OGAA013D, OGAA255D, OGAA615D, OGAA640D, OGAA792D
WSD21004;2-DADOS/BANCO (WSD/PDD);5;OGAA255D, OGAA640D, OGAA792D, OGAA920D, PGAA100D
PDD01011;2-DADOS/BANCO (WSD/PDD);4;OGAA013D, OGAA018D, OGAA792D, OGEV050D
PDD01036;2-DADOS/BANCO (WSD/PDD);4;OGAA018D, OGAA255D, OGAA640D, OGAA792D
PDD01139;2-DADOS/BANCO (WSD/PDD);4;OGAA255D, OGAA640D, OGAA792D, OGEV005D
PDD01144;2-DADOS/BANCO (WSD/PDD);4;OGAA013D, OGAA018D, OGAA640D, OGEV005D
PDD12016;2-DADOS/BANCO (WSD/PDD);4;OGAA615D, OGEV050D, OGEV630D, OGEV635D
WSD01011;2-DADOS/BANCO (WSD/PDD);4;OGAA013D, OGAA018D, OGAA792D, OGEV050D
WSD01036;2-DADOS/BANCO (WSD/PDD);4;OGAA018D, OGAA255D, OGAA640D, OGAA792D
WSD01139;2-DADOS/BANCO (WSD/PDD);4;OGAA255D, OGAA640D, OGAA792D, OGEV005D
WSD01144;2-DADOS/BANCO (WSD/PDD);4;OGAA013D, OGAA018D, OGAA640D, OGEV005D
WSD12016;2-DADOS/BANCO (WSD/PDD);4;OGAA615D, OGEV050D, OGEV630D, OGEV635D
PDBLQ007;3-BLOQUEIO;3;OGAA018D, OGAA255D, OGAA640D
PDBLQ023;3-BLOQUEIO;3;OGAA018D, OGAA255D, OGAA640D
PDBLQ028;3-BLOQUEIO;3;OGAA018D, OGAA255D, OGAA640D
PDD01002;2-DADOS/BANCO (WSD/PDD);3;OGAA018D, OGAA255D, OGAA640D
PDD01006;2-DADOS/BANCO (WSD/PDD);3;OGAA013D, OGAA018D, OGEV005D
PDD01014;2-DADOS/BANCO (WSD/PDD);3;OGAA018D, OGAA255D, OGAA640D
PDD01035;2-DADOS/BANCO (WSD/PDD);3;OGAA255D, OGAA640D, OGAA792D
PDD01069;2-DADOS/BANCO (WSD/PDD);3;OGAA018D, OGAA255D, OGAA640D
PDD01077;2-DADOS/BANCO (WSD/PDD);3;OGAA018D, OGAA255D, OGAA640D
PDD01093;2-DADOS/BANCO (WSD/PDD);3;OGAA018D, OGAA255D, OGAA640D
PDD01097;2-DADOS/BANCO (WSD/PDD);3;OGAA013D, OGAA018D, OGAA640D
PDD01159;2-DADOS/BANCO (WSD/PDD);3;OGAA255D, OGAA640D, OGAA792D
PDD01160;2-DADOS/BANCO (WSD/PDD);3;OGAA255D, OGAA640D, OGAA792D
PDD01161;2-DADOS/BANCO (WSD/PDD);3;OGAA018D, OGAA255D, OGAA640D
PDD12002;2-DADOS/BANCO (WSD/PDD);3;FGEV006D, OGEV020D, OGEV021D
PDD12008;2-DADOS/BANCO (WSD/PDD);3;OGEV050D, OGEV630D, OGEV635D
SEECDTPD;9-LIB DMS;3;OGAA013D, OGAA018D, OGAA640D
WSBLQ007;3-BLOQUEIO;3;OGAA018D, OGAA255D, OGAA640D
WSBLQ023;3-BLOQUEIO;3;OGAA018D, OGAA255D, OGAA640D
WSBLQ028;3-BLOQUEIO;3;OGAA018D, OGAA255D, OGAA640D
WSD01002;2-DADOS/BANCO (WSD/PDD);3;OGAA018D, OGAA255D, OGAA640D
WSD01006;2-DADOS/BANCO (WSD/PDD);3;OGAA013D, OGAA018D, OGEV005D
WSD01014;2-DADOS/BANCO (WSD/PDD);3;OGAA018D, OGAA255D, OGAA640D
WSD01035;2-DADOS/BANCO (WSD/PDD);3;OGAA255D, OGAA640D, OGAA792D
WSD01069;2-DADOS/BANCO (WSD/PDD);3;OGAA018D, OGAA255D, OGAA640D
WSD01077;2-DADOS/BANCO (WSD/PDD);3;OGAA018D, OGAA255D, OGAA640D
WSD01093;2-DADOS/BANCO (WSD/PDD);3;OGAA018D, OGAA255D, OGAA640D
WSD01097;2-DADOS/BANCO (WSD/PDD);3;OGAA013D, OGAA018D, OGAA640D
WSD01159;2-DADOS/BANCO (WSD/PDD);3;OGAA255D, OGAA640D, OGAA792D
WSD01160;2-DADOS/BANCO (WSD/PDD);3;OGAA255D, OGAA640D, OGAA792D
WSD01161;2-DADOS/BANCO (WSD/PDD);3;OGAA018D, OGAA255D, OGAA640D
WSD12002;2-DADOS/BANCO (WSD/PDD);3;FGEV006D, OGEV020D, OGEV021D
WSD12008;2-DADOS/BANCO (WSD/PDD);3;OGEV050D, OGEV630D, OGEV635D
COFI01;9-OUTROS;2;OGAA792D, OGEV005D
COFI03;9-OUTROS;2;OGAA792D, OGEV005D
PDADM029;6-ADMINISTRACAO;2;OGAA640D, OGAA792D
PDBLQ026;3-BLOQUEIO;2;FGAT006D, FGAT030D
PDBLQ031;3-BLOQUEIO;2;OGAA018D, OGAA640D
PDD01003;2-DADOS/BANCO (WSD/PDD);2;OGAA018D, OGAA615D
PDD01004;2-DADOS/BANCO (WSD/PDD);2;OGAA018D, OGAA640D
PDD01007;2-DADOS/BANCO (WSD/PDD);2;OGAA018D, OGEV005D
PDD01013;2-DADOS/BANCO (WSD/PDD);2;OGAA255D, OGAA640D
PDD01046;2-DADOS/BANCO (WSD/PDD);2;OGAA018D, OGAA640D
PDD01050;2-DADOS/BANCO (WSD/PDD);2;OGAA255D, OGAA640D
PDD01051;2-DADOS/BANCO (WSD/PDD);2;OGAA255D, OGAA640D
PDD01055;2-DADOS/BANCO (WSD/PDD);2;OGAA255D, OGAA640D
PDD01058;2-DADOS/BANCO (WSD/PDD);2;OGAA920D, PGAA100D
PDD01101;2-DADOS/BANCO (WSD/PDD);2;OGAA255D, OGAA640D
PDD01140;2-DADOS/BANCO (WSD/PDD);2;OGAA255D, OGAA640D
PDD01152;2-DADOS/BANCO (WSD/PDD);2;OGAA255D, OGAA640D
PDD01154;2-DADOS/BANCO (WSD/PDD);2;OGAA018D, OGAA640D
PDD12001;2-DADOS/BANCO (WSD/PDD);2;OGAA255D, OGAA640D
PDD12013;2-DADOS/BANCO (WSD/PDD);2;OGAA615D, OGEV720D
PDD12019;2-DADOS/BANCO (WSD/PDD);2;OGAA255D, OGAA640D
PDD21001;2-DADOS/BANCO (WSD/PDD);2;OGAA920D, PGAA100D
PDFUR001;4-FURTO;2;FGAA012D, FGAA032D
PDFUR022;4-FURTO;2;FGAA012D, FGAA032D
PDFUR023;4-FURTO;2;FGAA012D, FGAA032D
WSADM029;6-ADMINISTRACAO;2;OGAA640D, OGAA792D
WSBLQ026;3-BLOQUEIO;2;FGAT006D, FGAT030D
WSBLQ031;3-BLOQUEIO;2;OGAA018D, OGAA640D
WSD01003;2-DADOS/BANCO (WSD/PDD);2;OGAA018D, OGAA615D
WSD01004;2-DADOS/BANCO (WSD/PDD);2;OGAA018D, OGAA640D
WSD01007;2-DADOS/BANCO (WSD/PDD);2;OGAA018D, OGEV005D
WSD01013;2-DADOS/BANCO (WSD/PDD);2;OGAA255D, OGAA640D
WSD01046;2-DADOS/BANCO (WSD/PDD);2;OGAA018D, OGAA640D
WSD01050;2-DADOS/BANCO (WSD/PDD);2;OGAA255D, OGAA640D
WSD01051;2-DADOS/BANCO (WSD/PDD);2;OGAA255D, OGAA640D
WSD01055;2-DADOS/BANCO (WSD/PDD);2;OGAA255D, OGAA640D
WSD01058;2-DADOS/BANCO (WSD/PDD);2;OGAA920D, PGAA100D
WSD01101;2-DADOS/BANCO (WSD/PDD);2;OGAA255D, OGAA640D
WSD01140;2-DADOS/BANCO (WSD/PDD);2;OGAA255D, OGAA640D
WSD01152;2-DADOS/BANCO (WSD/PDD);2;OGAA255D, OGAA640D
WSD01154;2-DADOS/BANCO (WSD/PDD);2;OGAA018D, OGAA640D
WSD12001;2-DADOS/BANCO (WSD/PDD);2;OGAA255D, OGAA640D
WSD12013;2-DADOS/BANCO (WSD/PDD);2;OGAA615D, OGEV720D
WSD12019;2-DADOS/BANCO (WSD/PDD);2;OGAA255D, OGAA640D
WSD21001;2-DADOS/BANCO (WSD/PDD);2;OGAA920D, PGAA100D
WSFUR001;4-FURTO;2;FGAA012D, FGAA032D
WSFUR022;4-FURTO;2;FGAA012D, FGAA032D
WSFUR023;4-FURTO;2;FGAA012D, FGAA032D
AUMI01;9-OUTROS;1;OGAA255D
COFI10;9-OUTROS;1;OGEV005D
EMIS02;9-OUTROS;1;OGAA640D
EMIS03;9-OUTROS;1;OGAA640D
EMPA03;9-OUTROS;1;OGAA792D
EMPB01;9-OUTROS;1;OGAA792D
PDBLQ008;3-BLOQUEIO;1;FGAA115D
PDBLQ011;3-BLOQUEIO;1;OGAA640D
PDD01008;2-DADOS/BANCO (WSD/PDD);1;OGAA018D
PDD01009;2-DADOS/BANCO (WSD/PDD);1;OGAA018D
PDD01022;2-DADOS/BANCO (WSD/PDD);1;OGAA640D
PDD01024;2-DADOS/BANCO (WSD/PDD);1;OGAA640D
PDD01032;2-DADOS/BANCO (WSD/PDD);1;OGEV005D
PDD01041;2-DADOS/BANCO (WSD/PDD);1;OGAA018D
PDD01072;2-DADOS/BANCO (WSD/PDD);1;OGAA615D
PDD01076;2-DADOS/BANCO (WSD/PDD);1;OGAA018D
PDD01099;2-DADOS/BANCO (WSD/PDD);1;OGAA640D
PDD01103;2-DADOS/BANCO (WSD/PDD);1;OGAA640D
PDD01112;2-DADOS/BANCO (WSD/PDD);1;OGAA640D
PDD01116;2-DADOS/BANCO (WSD/PDD);1;OGAA018D
PDD01117;2-DADOS/BANCO (WSD/PDD);1;OGAA640D
PDD01136;2-DADOS/BANCO (WSD/PDD);1;OGAA018D
PDD01137;2-DADOS/BANCO (WSD/PDD);1;OGAA640D
PDD01150;2-DADOS/BANCO (WSD/PDD);1;OGAA018D
PDD06004;2-DADOS/BANCO (WSD/PDD);1;OGAA920D
PDD06085;2-DADOS/BANCO (WSD/PDD);1;OGAA920D
PDD06098;2-DADOS/BANCO (WSD/PDD);1;OGAA920D
PDD07002;2-DADOS/BANCO (WSD/PDD);1;OGAA013D
PDD07004;2-DADOS/BANCO (WSD/PDD);1;OGAA013D
PDD12015;2-DADOS/BANCO (WSD/PDD);1;OGAA640D
PDD14003;2-DADOS/BANCO (WSD/PDD);1;OGAA640D
PDD14004;2-DADOS/BANCO (WSD/PDD);1;OGAA640D
PDD14006;2-DADOS/BANCO (WSD/PDD);1;OGAA640D
PDD14008;2-DADOS/BANCO (WSD/PDD);1;OGAA640D
PDD14013;2-DADOS/BANCO (WSD/PDD);1;OGAA640D
PDTAB046;5-TABELAS;1;FGAA050D
SPLC01;9-OUTROS;1;OGAA615D
WSBLQ008;3-BLOQUEIO;1;FGAA115D
WSBLQ011;3-BLOQUEIO;1;OGAA640D
WSD01008;2-DADOS/BANCO (WSD/PDD);1;OGAA018D
WSD01009;2-DADOS/BANCO (WSD/PDD);1;OGAA018D
WSD01022;2-DADOS/BANCO (WSD/PDD);1;OGAA640D
WSD01024;2-DADOS/BANCO (WSD/PDD);1;OGAA640D
WSD01032;2-DADOS/BANCO (WSD/PDD);1;OGEV005D
WSD01041;2-DADOS/BANCO (WSD/PDD);1;OGAA018D
WSD01072;2-DADOS/BANCO (WSD/PDD);1;OGAA615D
WSD01076;2-DADOS/BANCO (WSD/PDD);1;OGAA018D
WSD01099;2-DADOS/BANCO (WSD/PDD);1;OGAA640D
WSD01103;2-DADOS/BANCO (WSD/PDD);1;OGAA640D
WSD01112;2-DADOS/BANCO (WSD/PDD);1;OGAA640D
WSD01116;2-DADOS/BANCO (WSD/PDD);1;OGAA018D
WSD01117;2-DADOS/BANCO (WSD/PDD);1;OGAA640D
WSD01136;2-DADOS/BANCO (WSD/PDD);1;OGAA018D
WSD01137;2-DADOS/BANCO (WSD/PDD);1;OGAA640D
WSD01150;2-DADOS/BANCO (WSD/PDD);1;OGAA018D
WSD06004;2-DADOS/BANCO (WSD/PDD);1;OGAA920D
WSD06085;2-DADOS/BANCO (WSD/PDD);1;OGAA920D
WSD06098;2-DADOS/BANCO (WSD/PDD);1;OGAA920D
WSD07002;2-DADOS/BANCO (WSD/PDD);1;OGAA013D
WSD07004;2-DADOS/BANCO (WSD/PDD);1;OGAA013D
WSD12015;2-DADOS/BANCO (WSD/PDD);1;OGAA640D
WSD14003;2-DADOS/BANCO (WSD/PDD);1;OGAA640D
WSD14004;2-DADOS/BANCO (WSD/PDD);1;OGAA640D
WSD14006;2-DADOS/BANCO (WSD/PDD);1;OGAA640D
WSD14008;2-DADOS/BANCO (WSD/PDD);1;OGAA640D
WSD14013;2-DADOS/BANCO (WSD/PDD);1;OGAA640D
WSTAB046;5-TABELAS;1;FGAA050D
